{
    "baseline": {
        "mae": 6.4034619862599085,
        "rmse": 7.817538599202087,
        "mape": 6.53130278493695
    },
    "random_forest": {
        "mae": 4.481574256618183,
        "rmse": 5.57945518520513,
        "mape": 4.675853655880527
    },
    "feature_columns": [
        "hour",
        "day_of_week",
        "month",
        "is_weekend",
        "lag_1",
        "lag_24",
        "rolling_mean_24",
        "rolling_std_24"
    ],
    "train_size": 380,
    "test_size": 96
}